<assembly xmlns="http://maven.apache.org/plugins/maven-assembly-plugin/assembly/1.1.2" 
  xmlns:xsi="http://www.w3.org/2001/XMLSchema-instance"
  xsi:schemaLocation="http://maven.apache.org/plugins/maven-assembly-plugin/assembly/1.1.2 http://maven.apache.org/xsd/assembly-1.1.2.xsd">
  <formats>
    <format>tar.gz</format>
    <format>tar.bz2</format>
    <format>zip</format>
  </formats>
  <fileSets>
    <fileSet>
      <directory>src</directory>
      <outputDirectory>src</outputDirectory>
    </fileSet>
    <fileSet>
      <includes>
        <include>pom.xml</include>
      </includes>
    </fileSet>
 </fileSets>
</assembly>